id,family_id,iata,icao,wtc,engine_count,engine_type,name
143,146,143,B463,M,4,Jet,BAE Systems 146-300 Passenger
721,727,721,B721,M,3,Jet,Boeing 727-100 Passenger
735,737CL,735,B735,M,2,Jet,Boeing 737-500 Passenger
73R,737NG,73R,B737,M,2,Jet,Boeing 737-700 Mixed Configuration/BBJC
742,747,742,B742,H,4,Jet,Boeing 747-200 Passenger
744,747,744,B744,H,4,Jet,Boeing 747-400 Passenger
77W,777,77W,B77W,H,2,Jet,Boeing 777-300ER
A26,AN,A26,AN26,M,2,Turboprop/Turboshaft,Antonov An-26
A4F,AN,A4F,A124,H,4,Jet,Antonov An-124 Ruslan
MA6,MA,MA6,AN24,M,2,Turboprop/Turboshaft,Xian Yunshuji MA-60/MA600
ANF,AN,ANF,AN12,M,4,Turboprop/Turboshaft,Antonov An-12
AR7,AR,AR7,RJ70,M,4,Jet,Avro RJ70
AR8,AR,AR8,RJ85,M,4,Jet,Avro RJ85
CS5,CS,CS5,CN35,M,2,Turboprop/Turboshaft,CASA / lAe CN-235
DH3,DH8,DH3,DH8C,M,2,Turboprop/Turboshaft,De Havilland (Bombardier) DHC-8-300 Dash 8 / 8Q
DHL,DHC3,DHL,DHC3,L,1,Piston,De Havilland (Bombardier) DHC-3 Turbo Otter
MBH,EURCOP,MBH,B105,L,2,Turboprop/Turboshaft,Eurocopter (MBB) BO105
DF1,,DF1,FA10,M,2,Jet,Dassault Falcon 10 / 100
DC3,BOEING,DC3,DC3,M,2,Piston,Boeing (Douglas) DC-3 Passenger
D8L,DC8,D8L,DC86,H,4,Jet,Boeing (Douglas) DC-8-62 Passenger
D8Q,DC8,D8Q,DC87,H,4,Jet,Boeing (Douglas) DC-8-72 Passenger
D92,DC9,D92,DC92,M,2,Jet,Boeing (Douglas) DC-9-20 Passenger
E75,EMBR,E75,E170,M,2,Jet,Embraer 175
SHS,,SHS,SC7,L,2,Turboprop/Turboshaft,Shorts Skyvan (SC-7)
SU9,,SU9,SU95,M,2,Jet,Sukhoi Superjet 100-95
ATZ,,ATZ,,,,,ATR 42 Freighter
EMJ,EMBR,EMJ,,M,,,Embraer 170/190
7ME,BOEING,7ME,,,,,Boeing 7ME
LCH,LAND,LCH,,,,,Surface Equipment-Launch / Boat
CL3,BBRDIER,CL3,CL30,M,2,Jet,Bombardier Challenger 300
CS9,CS,CS9,C295,M,2,Turboprop/Turboshaft,CASA / lAe C-295
EC5,EURCOP,EC5,EC55,L,2,Turboprop/Turboshaft,Eurocopter EC155
338,330,338,A338,H,2,Jet,Airbus A330-800 Neo
318,32S,318,A318,M,2,Jet,Airbus A318
32B,32S,32B,A321,M,2,Jet,Airbus A321 (sharklets)
321,32S,321,A321,M,2,Jet,Airbus A321
74T,74F,74T,B741,H,4,Jet,Boeing 747-100 Freighter
74X,74F,74X,B742,H,4,Jet,Boeing 747-200 Freighter
76Y,76F,76Y,B763,H,2,Jet,Boeing 767-300 Freighter
A38,AN,A38,AN38,M,2,Turboprop/Turboshaft,Antonov An-38
M87,BOEING,M87,MD87,M,2,Jet,Boeing (Douglas) MD-87
G2B,GULF,G2B,GLF2,M,2,Jet,Gulfstream Aerospace G-1159 Gulfstream IIB
GJ3,GULF,GJ3,GLF3,M,2,Jet,Gulfstream Aerospace G-1159A Gulfstream III
919,,919,C919,M,2,Jet,Comac C919
100,,100,F100,M,2,Jet,Fokker 100
CV2,,CV2,CVLP,M,2,Piston,Convair 240 Passenger
D6F,BOEING,D6F,DC6,M,4,Piston,Boeing (Douglas) DC-6A / DC-6B / DC-6C Freighter
DHD,BAE,DHD,DOVE,L,2,Piston,BAE Systems (De Havilland) 104 Dove
DHH,BAE,DHH,HERN,L,4,Piston,BAE Systems (De Havilland) 114 Heron
ER4,EMBR,ER4,E145,M,2,Jet,Embraer RJ145
L11,,L11,L101,H,3,Jet,Lockheed Martin L-1011 TriStar 1 / 50 / 100 / 150 / 200 / 250 Passenger
CL4,,CL4,CL44,M,,,Canadair CL-44
M80,,M80,MD80,M,,,McDonnell Douglas MD80
BH2,,BH2,,,,,Bell (Helicopters)
CN1,CESSNA,CN1,,L,,,Cessna (Light aircraft-single piston engine)
CNJ,CESSNA,CNJ,,L,,,Cessna Citation
LRJ,,LRJ,,M,,,Learjet
142,BAE,142,B462,M,4,Jet,BAE Systems 146-200 Passenger
31X,310,31X,A310,H,2,Jet,Airbus A310-200 Freighter
313,310,313,A310,H,2,Jet,Airbus A310-300 Passenger
319,32S,319,A319,M,2,Jet,Airbus A319
33X,330,33X,A332,H,2,Jet,Airbus A330-200 Freighter
333,330,333,A333,H,2,Jet,Airbus A330-300
73S,737NG,73S,B737,M,2,Jet,Boeing 737-700 Freighter
74D,74M,74D,B743,H,4,Jet,Boeing 747-300 / 747-200 SUD Mixed Configuration
74L,747,74L,N74S,H,4,Jet,Boeing 747SP Passenger
BEF,,BEF,B190,M,2,Turboprop/Turboshaft,Hawker Beechcraft 1900 Freighter
CR7,BBRDIER,CR7,CRJ7,M,2,Jet,Canadair (Bombardier) Regional Jet 700 and Challenger 870
D1M,BOEING,D1M,DC10,H,3,Jet,Boeing (Douglas) DC-10-30 Mixed Configuration
EC3,EURCOP,EC3,EC30,L,1,Turboprop/Turboshaft,Eurocopter EC130
FRJ,,FRJ,J328,M,2,Jet,Fairchild Dornier 328JET
NDC,,NDC,S601,L,2,Jet,Aerospatiale SN601 Corvette
D9C,DC9,D9C,DC93,M,2,Jet,Boeing (Douglas) DC-9-30 Freighter
F70,,F70,F70,M,2,Jet,Fokker 70
IL7,,IL7,IL76,H,4,Jet,Ilyushin Il-76
LOH,,LOH,C130,M,4,Turboprop/Turboshaft,Lockheed Martin L-182 / L-282 / L-382 (L-100) Hercules
PN6,,PN6,P68,L,2,Piston,Vulcanair (Partenavia) P.68
SFB,,SFB,SF34,M,2,Turboprop/Turboshaft,Saab 340B
APF,BAE,APF,ZZZZ,,,,BAE Systems  ATP Freighter
SWF,,SWF,,,,,Fairchild (Swearingen) SA226 Freighter
AN6,AN,AN6,,M,,,Antonov AN-26 / AN-30 /AN-32
7MB,BOEING,7MB,,,,,Boeing 7MB
CNT,CESSNA,CNT,,L,,,Cessna (Light aircraft-twin turboprop engines)
PAT,,PAT,,L,,,Piper (Light aircraft-twin turboprop engines)
SU7,,SU7,ZZZZ,M,,,Sukhoi Superjet 100-75
H21,,H21,H25C,M,2,Jet,Hawker 1000
H28,,H28,H25B,M,2,Jet,Hawker 850XP/900
223,220,223,BCS3,M,2,Jet,Airbus A220-300
312,310,312,A310,H,2,Jet,Airbus A310-200 Passenger
359,350,359,A359,H,2,Jet,Airbus A350-900
70F,707,70F,B703,H,4,Jet,Boeing 707-320B / 320C Freighter
722,727,722,B722,M,3,Jet,Boeing 727-200 Passenger
73J,737NG,73J,B739,M,2,Jet,Boeing 737-900 (winglets) Passenger/BBJ3
AGH,,AGH,A109,L,2,Turboprop/Turboshaft,AgustaWestland A109
AT7,,AT7,AT72,M,2,Turboprop/Turboshaft,ATR 72
D1X,D1F,D1X,DC10,H,3,Jet,Boeing (Douglas) DC-10-10 Freighter
D1C,BOEING,D1C,DC10,H,3,Jet,Boeing (Douglas) DC-10-30 / 40 Passenger
D4X,BBRDIER,D4X,DH8D,M,2,Turboprop/Turboshaft,De Havilland (Bombardier) DHC-8-400 Dash 8Q Freighter
M11,BOEING,M11,MD11,H,3,Jet,Boeing (Douglas) MD-11 Passenger
D20,,D20,F2TH,M,2,Jet,Dassault Falcon 2000/2000DX
EP1,EMBR,EP1,E50P,L,2,Jet,Embraer EMB-500 Phenom 100
EP3,EMBR,EP3,E55P,M,2,Jet,Embraer EMB-505 Phenom 300
H20,,H20,PRM1,L,2,Jet,Hawker 200
CVX,,CVX,CVLP,M,2,Piston,Convair 340 / 440 Freighter
DHC,BBRDIER,DHC,DHC4,M,2,Piston,De Havilland (Bombardier) DHC-4 Caribou
EMB,EMBR,EMB,E110,L,2,Turboprop/Turboshaft,Embraer 110 Bandeirante
GRM,,GRM,G73T,L,2,Turboprop/Turboshaft,Grumman G-73 Turbo Mallard (Amphibian)
L49,,L49,CONI,M,4,Piston,Lockheed L-1049 Super Constellation
TRS,TRN,TRS,,,,,Train
72M,727,72M,,M,3,Jet,Boeing 727 Combi
73M,737,73M,,M,2,Jet,Boeing 737 Combi
ALM,,ALM,LOAD,M,,,Ayres LM-200 Loadmaster
LMO,LAND,LMO,,,,,Surface Equipment-Limousine
AWH,,AWH,A139,L,2,Turboprop/Turboshaft,AgustaWestland AW139
BE4,,BE4,BE40,M,2,Jet,Hawker 400 Beechjet/400A/400XP/400T
339,330,339,A339,H,2,Jet,Airbus A330-900 Neo
AT5,,AT5,AT45,M,2,Turboprop/Turboshaft,Aerospatiale/Alenia ATR 42-500
31Y,310,31Y,A310,H,2,Jet,Airbus A310-300 Freighter
32F,32S,32F,A320,M,2,Jet,Airbus A320 Freighter
AB4,AIRBUS,AB4,A30B,H,2,Jet,Airbus A300B2 / A300B4 Passenger
AR1,AR,AR1,RJ1H,M,4,Jet,Avro RJ100
D9L,,D9L,F900,M,3,Jet,Dassault Falcon 900LX
GJ6,GULF,GJ6,GLF6,M,2,Jet,Gulfstream Aerospace G650
D28,,D28,D228,L,2,Turboprop/Turboshaft,Fairchild Dornier 228
DC6,BOEING,DC6,DC6,M,4,Piston,Boeing (Douglas) DC-6B Passenger
D94,DC9,D94,DC94,M,2,Jet,Boeing (Douglas) DC-9-40 Passenger
PL6,,PL6,PC6T,L,1,Turboprop/Turboshaft,Pilatus PC-6 Turbo Porter
L1F,,L1F,L101,H,3,Jet,Lockheed Martin L-1011 TriStar Freighter
YK2,,YK2,YK42,M,3,Jet,Yakovlev Yak-42 / Yak-142
358,350,358,ZZZZ,H,2,Jet,Airbus A350-800
A58,AN,A58,ZZZZ,,,,Antonov An-158
AWZ,,AWZ,,,,,Augusta Westland 200
AX8,AR,AX8,RX85,M,,,Avro RJX85
CVR,,CVR,,M,,,Convair CV-240 / 440 / 580 / 600 / 640 pax
77F,777,77F,B77F,H,2,Jet,Boeing 777 Freighter
141,BAE,141,B461,M,4,Jet,BAE Systems 146-100 Passenger
733,737CL,733,B733,M,2,Jet,Boeing 737-300 Passenger
738,737NG,738,B738,M,2,Jet,Boeing 737-800 Passenger
74R,747,74R,B74R,H,4,Jet,Boeing 747SR Passenger
753,757,753,B753,M,2,Jet,Boeing 757-300 Passenger
77L,777,77L,B772,H,2,Jet,Boeing 777-200LR
A40,AN,A40,A140,M,2,Turboprop/Turboshaft,Antonov An-140
YN7,MA,YN7,AN24,M,2,Turboprop/Turboshaft,Xian Yunshuji Y7
CJX,CESSNA,CJX,C750,M,2,Jet,Cessna 750 Citation X
CRA,BBRDIER,CRA,CRJ9,M,2,Jet,Canadair (Bombardier) Regional Jet 705
J41,BAE,J41,JS41,M,2,Turboprop/Turboshaft,BAE Systems Jetstream 41
M81,BOEING,M81,MD81,M,2,Jet,Boeing (Douglas) MD-81
MD9,,MD9,EXPL,L,2,Turboprop/Turboshaft,MD Helicopters Inc MD 900 Explorer
NDH,EURCOP,NDH,S65C,L,2,Turboprop/Turboshaft,Eurocopter (Aerospatiale) SA365C / SA365N  Dauphin 2
D2L,,D2L,F2TH,M,2,Jet,Dassault Falcon 2000EX/EASY/LX
GJ5,GULF,GJ5,GLF5,M,2,Jet,Gulfstream Aerospace V (G500/G550)
GR1,GULF,GR1,G150,M,2,Jet,Gulfstream Aerospace G-100/G-150 (Astra SPX)
GR2,GULF,GR2,GALX,M,2,Jet,Gulfstream Aerospace G-200 (Galaxy)
D8Y,DC8,D8Y,DC87,H,4,Jet,Boeing (Douglas) DC-8-71 / 72 / 73 Freighter
D9X,DC9,D9X,DC91,M,2,Jet,Boeing (Douglas) DC-9-10 Freighter
GRG,,GRG,G21,L,2,Piston,Grumman G-21 Goose (Amphibian)
HEC,,HEC,COUC,L,1,Piston,Helio H-250 Courier / H-295 / 395 Super Courier
L15,,L15,L101,H,3,Jet,Lockheed Martin L-1011 TriStar 500 Passenger
PL2,,PL2,PC12,L,1,Turboprop/Turboshaft,Pilatus PC-12
YS1,,YS1,YS11,M,2,Turboprop/Turboshaft,NAMC YS-11
SH3,,SH3,SH33,M,2,Turboprop/Turboshaft,Shorts 330 (SD3-30)
BET,,BET,,L,,,Hawker Beechcraft (Light aircraft-twin turboprop engines)
BE9,,BE9,BE99,L,2,Turboprop/Turboshaft,Hawker Beechcraft C99 Airliner
7M7,7MX,7M7,B37M,M,2,Jet,Boeing 737 MAX 7 pax
ND2,,ND2,N262,M,2,Turboprop/Turboshaft,Aerospatiale (Nord) 262
32X,32S,32X,A321,M,2,Jet,Airbus A321 Freighter
346,340,346,A346,H,4,Jet,Airbus A340-600
70M,707,70M,B703,H,4,Jet,Boeing 707-320B / 320C Mixed Configuration
717,BOEING,717,B712,M,2,Jet,Boeing 717-200
73H,737NG,73H,B738,M,2,Jet,Boeing 737-800 (winglets) Passenger/BBJ2
741,747,741,B741,H,4,Jet,Boeing 747-100 Passenger
74H,747,74H,B748,H,4,Jet,Boeing 747-8 Passenger
762,767,762,B762,H,2,Jet,Boeing 767-200 Passenger
77X,777,77X,B772,H,2,Jet,Boeing 777-200F Freighter
7M8,7MX,7M8,B38M,M,2,Jet,Boeing 737 MAX 8 pax
A32,AN,A32,AN32,M,2,Turboprop/Turboshaft,Antonov An-32
ABY,AIRBUS,ABY,A306,H,2,Jet,Airbus A300-600 Freighter
ACP,,ACP,AC68,L,2,Piston,Twin Commander Aircraft
J32,BAE,J32,JS32,M,2,Turboprop/Turboshaft,BAE Systems Jetstream 32
M1F,BOEING,M1F,MD11,H,3,Jet,Boeing (Douglas) MD-11 Freighter
M82,BOEING,M82,MD82,M,2,Jet,Boeing (Douglas) MD-82
D91,DC9,D91,DC91,M,2,Jet,Boeing (Douglas) DC-9-10 Passenger
F21,,F21,F28,M,2,Jet,Fokker F28 Fellowship 1000
FK7,,FK7,F27,M,2,Turboprop/Turboshaft,Fairchild Industries FH-227
F27,,F27,F27,M,2,Turboprop/Turboshaft,Fokker F27 Friendship / Fairchild Industries F-27
F5F,,F5F,F50,M,2,Turboprop/Turboshaft,Fokker 50 Freighter
ILW,,ILW,IL86,H,4,Jet,Ilyushin Il-86
SH6,,SH6,SH36,M,2,Turboprop/Turboshaft,Shorts 360 (SD3-60)
T2F,,T2F,T204,M,2,Jet,Tupolev Tu-204 Freighter
BTA,,BTA,ZZZZ,,,,Business Turbo-Prop Aircraft
CVF,,CVF,,M,,,Convair CV-240 / 440 / 580 / 600 / 640 Freighter
PAG,,PAG,,L,,,Piper light aircraft
SU1,,SU1,,M,,,Sukhoi Superjet 100
79C,,79C,,,,,79C
A5F,AN,A5F,A225,H,,,Antonov An-225
CCW,BBRDIER,CCW,GL5T,M,2,Jet,Bombardier BD-700 Global 5000
ATD,,ATD,AT44,M,2,Turboprop/Turboshaft,Aerospatiale/Alenia ATR 42-400
14Y,BAE,14Y,B462,M,4,Jet,BAE Systems 146-200 Freighter
31B,32S,31B,A319,M,2,Jet,Airbus A319 (sharklets)
320,32S,320,A320,M,2,Jet,Airbus A320
342,340,342,A342,H,4,Jet,Airbus A340-200
72B,727,72B,B721,M,3,Jet,Boeing 727-100 Mixed Configuration
72C,727,72C,B722,M,3,Jet,Boeing 727-200 Mixed Configuration
73L,737OG,73L,B732,M,2,Jet,Boeing 737-200 Mixed Configuration
73P,737CL,73P,B734,M,2,Jet,Boeing 737-400 Freighter
73G,737NG,73G,B737,M,2,Jet,Boeing 737-700 Passenger
743,747,743,B743,H,4,Jet,Boeing 747-300 / 747-100/200 SUD Passenger
74V,74F,74V,B74R,H,4,Jet,Boeing 747SR Freighter
75T,757,75T,B753,M,2,Jet,Boeing 757-300 (winglets) Passenger
788,787,788,B788,H,2,Jet,Boeing 787-8
789,787,789,B789,H,2,Jet,Boeing 787-9
A81,AN,A81,A148,M,2,Jet,Antonov AN148-100
B72,707,B72,B720,M,4,Jet,Boeing 720-020B
CR1,BBRDIER,CR1,CRJ1,M,2,Jet,Canadair (Bombardier) Regional Jet 100
CR9,BBRDIER,CR9,CRJ9,M,2,Jet,Canadair (Bombardier) Regional Jet 900 and Challenger 890
DHS,BBRDIER,DHS,DHC3,L,1,Piston,De Havilland (Bombardier) DHC-3 Otter
JU5,,JU5,JU52,M,3,Piston,Junkers Ju 52/3m
L4T,,L4T,L410,L,2,Turboprop/Turboshaft,Aircraft Industries (LET) 410
G2S,GULF,G2S,GLF2,M,2,Jet,Gulfstream Aerospace G-1159 Gulfstream IISP
GR3,GULF,GR3,G280,M,2,Jet,Gulfstream Aerospace G-280
PR1,,PR1,PRM1,L,2,Jet,Hawker 390 Premier 1/1A
DHT,BBRDIER,DHT,DHC6,L,2,Turboprop/Turboshaft,De Havilland (Bombardier) DHC-6 Twin Otter
F22,,F22,F28,M,2,Jet,Fokker F28 Fellowship 2000
S76,,S76,S76,L,2,Turboprop/Turboshaft,Sikorsky S-76
LOF,,LOF,L188,M,4,Turboprop/Turboshaft,Lockheed Martin L-188 Electra Freighter
SFF,,SFF,SF34,M,2,Turboprop/Turboshaft,Saab 340 Freighter
YK4,,YK4,YK40,M,3,Jet,Yakovlev Yak-40
DHF,BBRDIER,DHF,,,,,De Havilland (Bombardier) DHC-8 Freighter
ACD,GULF,ACD,,L,,,Gulfstream/Rockwell (Aero) Commander/Turbo Commander
CNA,CESSNA,CNA,,L,,,Cessna light aircraft
GRJ,GULF,GRJ,,M,,,Gulfstream Aerospace G-1159 Gulfstream II / III / IV / V
VCV,,VCV,VISC,M,,,Vickers Viscount
CRF,BBRDIER,CRF,ZZZZ,M,2,Jet,Canadair (Bombardier) Regional Jet Freighter
31A,32S,31A,A318,M,2,Jet,Airbus A318 (sharklets)
31N,32S,31N,A19N,M,2,Jet,Airbus A319neo
388,380,388,A388,J,4,Jet,Airbus A380-800 Passenger
73Q,737CL,73Q,B734,M,2,Jet,Boeing 737-400 Mixed Configuration
74C,74M,74C,B742,H,4,Jet,Boeing 747-200 Mixed Configuration
74B,74F,74B,B744,H,4,Jet,Boeing 747-400 Swingtail Freighter
B14,BAE,B14,BA11,M,2,Jet,BAE Systems (BAC) One-Eleven 400 / 475
CRK,BBRDIER,CRK,CRJX,M,2,Jet,Canadair (Bombardier) Regional Jet 1000
CVY,,CVY,CVLT,M,2,Turboprop/Turboshaft,Convair 580 / 5800 / 600 / 640 Freighter
M88,BOEING,M88,MD88,M,2,Jet,Boeing (Douglas) MD-88
DF7,,DF7,FA7X,M,3,Jet,Dassault Falcon 7X
CWC,,CWC,C46,M,2,Piston,Curtiss C-46 Commando
D93,DC9,D93,DC93,M,2,Jet,Boeing (Douglas) DC-9-30 Passenger
DF2,,DF2,FA20,M,2,Jet,Dassault Falcon 20 / 200
DH7,BBRDIER,DH7,DHC7,M,4,Turboprop/Turboshaft,De Havilland (Bombardier) DHC-7 Dash 7
ER3,EMBR,ER3,E135,M,2,Jet,Embraer RJ135 and Legacy 600/650
I9F,,I9F,IL96,H,4,Jet,Ilyushin Il-96 Freighter
LOE,,LOE,L188,M,4,Turboprop/Turboshaft,Lockheed Martin L-188 Electra
SHB,,SHB,BELF,M,4,Turboprop/Turboshaft,Shorts SC-5 Belfast
72F,727,72F,,M,3,Jet,Boeing 727 Freighter (-100/200)
CR5,,CR5,,M,2,Jet,CR5
CN2,CESSNA,CN2,,L,,,Cessna (Light aircraft-twin piston engines)
RFS,LAND,RFS,,,,,Surface Equipment-Road Feeder Service (Truck)
H29,,H29,H25B,M,2,Jet,Hawker 900XP
7MJ,7MX,7MJ,B3XM,M,2,Jet,Boeing 737 MAX 10 pax
781,787,781,B78X,H,2,Jet,Boeing 787-10
703,707,703,B703,H,4,Jet,Boeing 707-320B / 320C Passenger
72W,727,72W,B722,M,3,Jet,Boeing 727-200 (winglets) Passenger
734,737CL,734,B734,M,2,Jet,Boeing 737-400 Passenger
739,737NG,739,B739,M,2,Jet,Boeing 737-900 Passenger
74N,74F,74N,B748,H,4,Jet,Boeing 747-8F Freighter
ATF,,ATF,AT72,M,2,Turboprop/Turboshaft,ATR 72 Freighter
L4F,,L4F,L410,L,2,Turboprop/Turboshaft,Aircraft Industries (LET) 410 Freighter
M83,BOEING,M83,MD83,M,2,Jet,Boeing (Douglas) MD-83
290,,290,E290,M,2,Jet,E190-E2
C27,,C27,AJ27,M,2,Jet,Comac ARJ21-700
ERD,EMBR,ERD,E135,M,2,Jet,Embraer RJ140
IL8,,IL8,IL18,M,4,Turboprop/Turboshaft,Ilyushin Il-18
SF3,,SF3,SF34,M,2,Turboprop/Turboshaft,Saab 340
S58,,S58,S58T,L,1,Turboprop/Turboshaft,Sikorsky S-58T
TU5,,TU5,T154,M,3,Jet,Tupolev Tu-154
T20,,T20,T204,M,2,Jet,Tupolev Tu-204 / Tu-214
APH,EURCOP,APH,,,,,Eurocopter (Aerospatiale) SA330 Puma / AS332 Super Puma
32Q,32S,32Q,A21N,M,2,Jet,Airbus A321neo
345,340,345,A345,H,4,Jet,Airbus A340-500
73X,737OG,73X,B732,M,2,Jet,Boeing 737-200 Freighter
73W,737NG,73W,B737,M,2,Jet,Boeing 737-700 (winglets) Passenger/BBJ1
74J,747,74J,B744,H,4,Jet,Boeing 747-400 (Domestic) Passenger
75F,757,75F,B752,M,2,Jet,Boeing 757-200 Freighter
A30,AN,A30,AN30,M,2,Turboprop/Turboshaft,Antonov An-30
AN4,AN,AN4,AN24,M,2,Turboprop/Turboshaft,Antonov An-24
SY8,,SY8,AN12,M,4,Turboprop/Turboshaft,Shaanxi Y-8
B15,BAE,B15,BA11,M,2,Jet,BAE Systems (BAC) One-Eleven 500 / RomBac One-Eleven 560
CS2,CS,CS2,C212,M,2,Turboprop/Turboshaft,CASA / lAe 212 Aviocar
CV5,,CV5,CVLT,M,2,Turboprop/Turboshaft,Convair 580 Passenger
M1M,BOEING,M1M,MD11,H,3,Jet,Boeing (Douglas) MD-11 Mixed Configuration
EA5,,EA5,EA50,L,2,Jet,Eclipse 500
H24,,H24,HA4T,M,2,Jet,Hawker 4000
CVV,,CVV,CVLP,M,2,Piston,Convair 240 Freighter
E70,EMBR,E70,E170,M,2,Jet,Embraer 170
E90,EMBR,E90,E190,M,2,Jet,Embraer 190
F23,,F23,F28,M,2,Jet,Fokker F28 Fellowship 3000
TBM,,TBM,TBM7,L,1,Turboprop/Turboshaft,SOCATA TBM-700
CJ1,CESSNA,CJ1,,,,,Cessna 500/ 501/ 525 Citation
731,737OG,731,B731,M,2,Jet,Boeing 737-100 Passenger
SWM,,SWM,,L,,,Fairchild (Swearingen) SA26 / SA226 / SA227 Merlin / Metro / Expediter
CJM,CESSNA,CJM,C510,L,2,Jet,Cessna 510 Mustang Citation
32N,32S,32N,A20N,M,2,Jet,Airbus A320neo
72X,727,72X,B721,M,3,Jet,Boeing 727-100 Freighter
73N,737CL,73N,B733,M,2,Jet,Boeing 737-300 Mixed Configuration
73E,737CL,73E,B735,M,2,Jet,Boeing 737-500 (winglets) Passenger
772,777,772,B772,H,2,Jet,Boeing 777-200/ 200ER
ABB,AIRBUS,ABB,A3ST,H,2,Jet,Airbus A300-600ST Beluga Freighter
BES,,BES,B190,M,2,Turboprop/Turboshaft,Hawker Beechcraft 1900C Airliner
BEH,,BEH,B190,M,2,Turboprop/Turboshaft,Hawker Beechcraft 1900D Airliner
BNI,,BNI,BN2P,L,2,Piston,Britten-Norman BN-2A / BN-2B Islander
CR2,BBRDIER,CR2,CRJ2,M,2,Jet,Canadair (Bombardier) Regional Jet 200
J31,BAE,J31,JS31,,2,Turboprop/Turboshaft,BAE Systems Jetstream 31
D42,,D42,DA42,L,2,Piston,Diamond Aircraft DA42 Twin Star
DF9,,DF9,F900,M,3,Jet,Dassault Falcon 900/900B/900C/900DX/900EX/EASY
DF5,,DF5,FA50,M,3,Jet,Dassault Falcon 50 / 50EX
GJ4,GULF,GJ4,GLF4,M,2,Jet,Gulfstream Aerospace IV (G300/G350/G400/G450/IVSP)
D38,,D38,D328,M,2,Turboprop/Turboshaft,Fairchild Dornier 328-100
WWP,,WWP,WW24,M,2,Jet,Israel Aerospace Industries 1124 Westwind
S20,,S20,SB20,M,2,Turboprop/Turboshaft,Saab 2000
CJ5,CESSNA,CJ5,,,,,Cessna 560 Citation
CJ8,CESSNA,CJ8,,,,,Cessna 680 Citation
CNF,CESSNA,CNF,,,,,Cessna 208B Freighter
LJA,,LJA,ZZZZ,,,,Light Jet Aircraft
AX1,AR,AX1,RX1H,M,,,Avro RJX100
BEC,,BEC,,L,,,Beechcraft light aircraft
CRV,,CRV,S210,M,2,Jet,Aerospatiale (Sud Aviation) Se.210 Caravelle
79W,,79W,,,,,79W
NDE,EURCOP,NDE,,,,,Eurocopter (Aerospatiale) AS350 Ecureuil / AS355 Ecureuil 2
PA1,,PA1,,L,,,Piper (Light aircraft-single piston engine)
TRN,TRN,TRN,,,,,Train
7M9,7MX,7M9,B39M,M,2,Jet,Boeing 737 MAX 9 pax
14X,BAE,14X,B461,M,4,Jet,BAE Systems 146-100 Freighter
74Y,74F,74Y,B744,H,4,Jet,Boeing 747-400 Freighter
76X,76F,76X,B762,H,2,Jet,Boeing 767-200 Freighter
763,767,763,B763,H,2,Jet,Boeing 767-300 Passenger
76W,767,76W,B763,H,2,Jet,Boeing 767-300 (winglets) Passenger
764,767,764,B764,H,2,Jet,Boeing 767-400 Passenger
ATP,BAE,ATP,ATP,M,2,Turboprop/Turboshaft,BAE Systems  ATP
B12,BAE,B12,BA11,M,2,Jet,BAE Systems (BAC) One-Eleven 200
CCX,BBRDIER,CCX,GLEX,M,2,Jet,Bombardier BD-700 Global Express
D1Y,D1F,D1Y,DC10,H,3,Jet,Boeing (Douglas) DC-10-30 / 40 Freighter
DH2,BBRDIER,DH2,DH8B,M,2,Turboprop/Turboshaft,De Havilland (Bombardier) DHC-8-200 Dash 8 / 8Q
M2F,BOEING,M2F,MD82,M,2,Jet,Boeing (Douglas) MD82 Freighter
M8F,BOEING,M8F,MD88,M,2,Jet,Boeing (Douglas) MD88 Freighter
M90,BOEING,M90,MD90,M,2,Jet,Boeing (Douglas) MD-90
S61,,S61,S61,M,2,Turboprop/Turboshaft,Sikorsky S-61
GRS,GULF,GRS,G159,M,2,Turboprop/Turboshaft,Gulfstream Aerospace G-159 Gulfstream I
ACT,,ACT,AC90,L,2,Turboprop/Turboshaft,Twin (Aero) Turbo Commander / Jetprop Commander
F24,,F24,F28,M,2,Jet,Fokker F28 Fellowship 4000
F50,,F50,F50,M,2,Turboprop/Turboshaft,Fokker 50
IL9,,IL9,IL96,H,4,Jet,Ilyushin Il-96 Passenger
IL6,,IL6,IL62,H,4,Jet,Ilyushin Il-62
TU3,,TU3,T134,M,2,Jet,Tupolev Tu-134
783,787,783,B783,,,,Boeing 787-3
ATR,,ATR,,M,,,Aerospatiale/Alenia ATR 42/ ATR 72
BEP,,BEP,,L,,,Hawker Beechcraft (Light aircraft-single piston engine)
CNC,CESSNA,CNC,,L,,,Cessna (Light aircraft-single turboprop engine)
PA2,,PA2,,L,,,Piper (Light aircraft-twin piston engines)
779,777,779,B779,H,2,Jet,Boeing 777-900
32A,32S,32A,A320,M,2,Jet,Airbus A320 (sharklets)
343,340,343,A343,H,4,Jet,Airbus A340-300
38F,380,38F,A388,J,4,Jet,Airbus A380-800F Freighter
73C,737CL,73C,B733,M,2,Jet,Boeing 737-300 (winglets) Passenger
73Y,737CL,73Y,B733,M,2,Jet,Boeing 737-300 Freighter
74U,74F,74U,B743,H,4,Jet,Boeing 747-300 / 747-200 SUD Freighter
75M,757,75M,B752,M,2,Jet,Boeing 757-200 Mixed Configuration
773,777,773,B773,H,2,Jet,Boeing 777-300
A22,AN,A22,AN22,H,4,Turboprop/Turboshaft,Antonov An-22
ABX,AIRBUS,ABX,A30B,H,2,Jet,Airbus A300B4 / A300C4 / A300F4 Freighter
AN7,AN,AN7,AN72,M,2,Jet,Antonov An-72 / An-74
B13,BAE,B13,BA11,M,2,Jet,BAE Systems (BAC) One-Eleven 300
DH4,BBRDIER,DH4,DH8D,M,2,Turboprop/Turboshaft,De Havilland (Bombardier) DHC-8-400 Dash 8Q
DHP,BBRDIER,DHP,DHC2,L,1,Piston,De Havilland (Bombardier) DHC-2 Beaver
H25,,H25,H25B,M,2,Jet,Hawker 750/800/800XP/800SP
M3F,BOEING,M3F,MD83,M,2,Jet,Boeing (Douglas) MD83 Freighter
D95,DC9,D95,DC95,M,2,Jet,Boeing (Douglas) DC-9-50 Passenger
E95,EMBR,E95,E190,M,2,Jet,Embraer 195 and Legacy 1000
P18,,P18,P180,L,2,Turboprop/Turboshaft,Piaggio Aero P180 Avanti II
CJ6,CESSNA,CJ6,,,,,Cessna 650 Citation
ARJ,AR,ARJ,,M,,,Avro RJ70 / RJ85 / RJ100 Avroliner
DHB,,DHB,,L,,,De Havilland Canada DHC-2 Beaver / Turbo Beaver
7MC,BOEING,7MC,,,,,Boeing 7MC
BE2,,BE2,,L,,,Hawker Beechcraft (Light aircraft-twin piston engines)
14Z,BAE,14Z,B463,M,4,Jet,BAE Systems 146-300 Freighter
351,350,351,A35K,H,2,Jet,Airbus A350-1000
72Y,727,72Y,B722,M,3,Jet,Boeing 727-200 Freighter
732,737OG,732,B732,M,2,Jet,Boeing 737-200 Passenger
736,737NG,736,B736,M,2,Jet,Boeing 737-600 Passenger
76V,76F,76V,B763,H,2,Jet,Boeing 767-300 (winglets) Freighter
AT4,,AT4,AT43,M,2,Turboprop/Turboshaft,ATR 42-300 / 320
CCJ,BBRDIER,CCJ,CL60,M,2,Jet,Canadair (Bombardier) CL-600 / 601 / 604 / 605 Challenger
DH1,BBRDIER,DH1,DH8A,M,2,Turboprop/Turboshaft,De Havilland (Bombardier) DHC-8-100 Dash 8 / 8Q
CV4,,CV4,CVLP,M,2,Piston,Convair 440 Metropolitan Passenger
D8X,DC8,D8X,DC86,H,4,Jet,Boeing (Douglas) DC-8-61 / 62 / 63 Freighter
D8M,DC8,D8M,DC86,H,4,Jet,Boeing (Douglas) DC-8-62 Mixed Configuration
D9D,DC9,D9D,DC94,M,2,Jet,Boeing (Douglas) DC-9-40 Freighter
EM2,EMBR,EM2,E120,M,2,Turboprop/Turboshaft,Embraer 120 Brasilia
YN2,,YN2,Y12,L,2,Turboprop/Turboshaft,Harbin Yunshuji Y12
CJ2,CESSNA,CJ2,,,,,Cessna 550/ 551/ 552 Citation
DFL,,DFL,,M,,,Dassault (Breguet Mystere) Falcon
SSC,,SSC,CONC,H,,,Aerospatiale/BAC Concorde
ERJ,EMBR,ERJ,,M,,,Embraer RJ135 / RJ140 / RJ145
E7W,EMBR,E7W,,,,,Embraer 175 (long wing)
D8T,DC8,D8T,DC85,H,4,Jet,Boeing (Douglas) DC-8-50 Freighter
221,220,221,BCS1,M,2,Jet,Airbus A220-100
332,330,332,A332,H,2,Jet,Airbus A330-200
74E,74M,74E,B744,H,4,Jet,Boeing 747-400 Mixed Configuration
75W,757,75W,B752,M,2,Jet,Boeing 757-200 (winglets) Passenger
752,757,752,B752,M,2,Jet,Boeing 757-200 Passenger
A28,AN,A28,AN28,L,2,Turboprop/Turboshaft,Antonov An-28 / PZL Mielec M-28 Skytruck
AB6,AIRBUS,AB6,A306,H,2,Jet,Airbus A300-600 Passenger
BNT,,BNT,TRIS,L,3,Piston,Britten-Norman BN-2A Mk.III Trislander
D11,BOEING,D11,DC10,H,3,Jet,Boeing (Douglas) DC-10-10 / 15 Passenger
HS7,BAE,HS7,A748,M,2,Turboprop/Turboshaft,BAE Systems (Hawker Siddeley) 748 / Andover
GJ2,GULF,GJ2,GLF2,M,2,Jet,Gulfstream Aerospace G-1159 Gulfstream II
GA8,,GA8,GA8,L,1,Piston,Gippsland Aeronautics GA8 Airvan
295,,295,E295,M,2,Jet,E195-E2
CD2,,CD2,NOMA,L,2,Turboprop/Turboshaft,Gippsland Aeronautics N22B / N24A Nomad
D3F,BOEING,D3F,DC3,M,2,Piston,Boeing (Douglas) DC-3 Freighter
DC4,BOEING,DC4,DC4,M,4,Piston,Boeing (Douglas) DC-4
DHR,BBRDIER,DHR,DH2T,L,1,Turboprop/Turboshaft,De Havilland (Bombardier) DHC-2 Turbo Beaver
I14,,I14,I114,M,2,Turboprop/Turboshaft,Ilyushin Il-114
MIH,,MIH,MI8,M,2,Turboprop/Turboshaft,Mil Mi-8 / Mi-17 / Mi-171 / Mi-172
MU2,,MU2,MU2,L,2,Turboprop/Turboshaft,Mitsubishi Aircraft Corporation MU-2
T34,,T34,T334,M,2,Jet,Tupolev Tu-334
CJL,CESSNA,CJL,,,,,Cessna 560 XL/XLS Citation
ARX,AR,ARX,,M,,,Avro RJX85 / RJX100
DF3,,DF3,,M,,,Dassault (Breguet Mystere) Falcon 50 / 900
FA7,,FA7,,M,,,Fairchild Dornier 728JET
BUS,BUS,BUS,,,,,Bus
HOV,LAND,HOV,,,,,Surface Equipment-Hovercraft
CRJ,,CRJ,,M,,,Canadair Regional Jet
